ticker,score_fundamentals,score_valuation,score_short_interest,score_technical,score_stability,score_insider,score_events,score_filing_text,score_quality,score_profitability,score_earnings_drift,composite,rank,shortName,sector,marketCap
RNG,58.854166666666664,67.9427219605791,47.507440476190474,80.3225806451613,39.516129032258064,51.61290322580645,58.06451612903226,89.83050847457628,88.28125,95.90163934426229,81.63265306122449,68.00662046338076,1,"Ringcentral, Inc.",Technology,5595747840
SPSC,54.80866228070175,50.88701066507189,53.53422619047619,41.29032258064517,85.48387096774194,94.35483870967742,58.06451612903226,45.76271186440678,70.3125,45.90163934426229,97.95918367346938,65.54945018315374,2,"SPS Commerce, Inc.",Technology,2919254016
CARG,64.9029605263158,67.70986269965861,36.35912698412699,57.74193548387096,87.90322580645162,56.451612903225815,58.06451612903226,84.7457627118644,71.875,98.36065573770492,44.89795918367347,64.42167153469096,3,"CarGurus, Inc.",Consumer Cyclical,3282357504
CRTO,40.15625,94.27873713587998,100.0,55.16129032258065,66.12903225806451,80.64516129032258,11.29032258064516,62.71186440677966,92.96875,73.77049180327869,61.224489795918366,64.05335550179721,4,Criteo S.A.,Communication Services,854517504
EPAM,42.4358552631579,88.0404752560365,53.88144841269841,31.612903225806452,81.45161290322581,94.35483870967742,58.06451612903226,61.016949152542374,60.9375,54.09836065573771,69.38775510204081,63.42007065206467,5,"EPAM Systems, Inc.",Technology,5692107264
MNDY,67.41502192982456,61.64612768184197,68.75,32.58064516129032,60.483870967741936,83.87096774193549,58.06451612903226,,78.125,45.08196721311476,59.183673469387756,62.95559942851445,6,monday.com Ltd.,Technology,3835531008
DBX,46.09375,61.266728028207616,24.590773809523807,74.19354838709677,89.51612903225806,59.67741935483871,58.06451612903226,96.61016949152543,86.71875,91.80327868852459,34.69387755102041,61.766818772802246,7,"Dropbox, Inc.",Technology,7495247360
SPT,46.515899122807014,94.91765873015872,67.72073412698413,45.806451612903224,45.96774193548387,69.35483870967742,58.06451612903226,100.0,57.03125,51.639344262295076,42.857142857142854,60.83320317239199,8,"Sprout Social, Inc",Technology,607134016
VRNS,43.06798245614035,16.57996031746032,61.28472222222222,35.483870967741936,32.25806451612903,94.35483870967742,58.06451612903226,91.52542372881356,46.875,36.0655737704918,95.91836734693877,60.600786953118224,9,"Varonis Systems, Inc.",Technology,4735697920
IAS,61.033442982456144,66.10930322983894,55.80357142857143,,,,,,56.25,,,60.215414090099074,10,Integral Ad Science Holding Cor,Communication Services,1735615872
ALRM,44.743421052631575,55.8663688918791,59.7594246031746,59.354838709677416,91.93548387096774,64.51612903225806,58.06451612903226,49.152542372881356,46.09375,49.18032786885246,85.71428571428571,60.15502665998789,11,"Alarm.com Holdings, Inc.",Technology,2823179008
BSY,68.22149122807018,32.030861428820614,57.49007936507937,39.67741935483871,87.90322580645162,94.35483870967742,58.06451612903226,20.33898305084746,49.21875,52.459016393442624,65.3061224489796,60.102464885796635,12,"Bentley Systems, Incorporated",Technology,11201605632
YELP,57.92927631578948,93.27750990506092,24.541170634920633,30.645161290322584,84.6774193548387,62.903225806451616,58.06451612903226,77.96610169491525,96.09375,86.0655737704918,22.448979591836736,59.63332185560415,13,Yelp Inc.,Communication Services,1273024512
PRGS,49.72642543859649,76.89395666691586,24.441964285714285,54.83870967741935,77.41935483870968,70.96774193548387,58.06451612903226,35.59322033898305,85.15625,60.65573770491803,73.46938775510205,59.445523267512044,14,Progress Software Corporation,Technology,1819334272
AMPL,52.49725877192982,36.65922619047619,54.26587301587301,62.258064516129025,45.16129032258064,82.25806451612904,58.06451612903226,98.30508474576271,60.15625,84.42622950819671,8.16326530612245,58.46585517447246,15,"Amplitude, Inc.",Technology,1660134528
PEGA,71.04495614035088,59.40721013680197,50.60763888888889,31.935483870967737,67.74193548387098,85.48387096774194,58.06451612903226,55.932203389830505,62.5,89.34426229508196,4.081632653061225,58.43907941286824,16,Pegasystems Inc.,Technology,5517430272
AVPT,67.71984649122807,28.158314073492647,93.7375992063492,56.12903225806451,69.35483870967742,79.03225806451613,58.06451612903226,50.847457627118644,35.15625,31.147540983606557,40.816326530612244,57.69886421778972,17,"AvePoint, Inc.",Technology,2828629760
RPD,35.774671052631575,80.85944780842739,31.436011904761905,45.48387096774193,40.32258064516129,94.35483870967742,58.06451612903226,67.79661016949152,67.1875,54.91803278688525,51.02040816326531,57.57400809357407,18,"Rapid7, Inc.",Technology,798697600
PUBM,41.77357456140351,46.18705120937264,92.13789682539682,75.16129032258064,28.225806451612904,16.129032258064516,58.06451612903226,64.40677966101694,85.15625,55.73770491803278,100.0,57.57378211769327,19,"PubMatic, Inc.",Technology,747476480
QLYS,68.0109649122807,32.92322176123197,29.14186507936508,67.09677419354838,69.35483870967742,14.516129032258066,58.06451612903226,94.91525423728814,43.75,54.09836065573771,93.87755102040816,57.31145527288249,20,"Qualys, Inc.",Technology,6408791040
APPN,58.072916666666664,36.79917800453514,70.27529761904762,46.774193548387096,67.74193548387098,45.16129032258064,58.06451612903226,72.88135593220339,58.59375,63.93442622950819,,57.245567740108726,21,Appian Corporation,Technology,2743336960
DGII,57.985197368421055,37.34862543918666,70.79613095238095,71.61290322580645,63.70967741935485,25.806451612903224,58.06451612903226,83.05084745762711,35.9375,30.327868852459016,87.75510204081633,56.668197901621774,22,Digi International Inc.,Technology,2842694144
BL,40.521929824561404,48.949801898781494,60.06944444444444,34.516129032258064,74.19354838709677,87.09677419354838,58.06451612903226,52.54237288135594,82.03125,57.37704918032787,38.775510204081634,56.501538112501834,23,"BlackLine, Inc.",Technology,1850127360
TDC,51.186951754385966,79.31624554583739,7.105654761904762,57.41935483870967,37.903225806451616,72.58064516129032,58.06451612903226,18.64406779661017,85.15625,71.31147540983606,75.51020408163265,56.39989713912142,24,Teradata Corporation,Technology,2575170048
DV,52.56633771929825,71.54318824599437,74.09474206349206,64.51612903225806,75.0,94.35483870967742,58.06451612903226,6.779661016949152,75.0,60.65573770491803,2.0408163265306123,55.57723436301307,25,"DoubleVerify Holdings, Inc.",Communication Services,2062884864
BOX,31.46546052631579,36.09528897028897,25.905257936507937,70.96774193548387,93.54838709677419,58.06451612903226,58.06451612903226,59.32203389830508,65.625,84.42622950819671,,55.32378005081053,26,"Box, Inc.",Technology,4559109120
FIVN,36.65186403508772,73.9314619620742,31.411210317460316,70.3225806451613,40.32258064516129,67.74193548387096,58.06451612903226,74.57627118644068,69.53125,72.95081967213115,26.53061224489796,54.46426125204196,27,"Five9, Inc.",Technology,2447195648
ESTC,61.55646929824561,47.28604497354497,81.8452380952381,64.19354838709678,56.45161290322581,27.419354838709676,58.06451612903226,79.66101694915254,30.46875,38.52459016393443,,54.133451380428,28,Elastic N.V.,Technology,9002341376
ASAN,38.317434210526315,62.264384920634924,42.832341269841265,30.645161290322584,53.225806451612904,74.19354838709677,11.29032258064516,71.1864406779661,67.1875,87.70491803278688,,53.78459279792479,29,"Asana, Inc.",Technology,2273940480
CALX,57.11019736842104,43.910739204106555,58.33333333333333,30.64516129032258,70.96774193548387,53.2258064516129,58.06451612903226,40.67796610169492,51.5625,54.91803278688525,63.26530612244898,53.62494413965774,30,"Calix, Inc",Technology,2526115072
GEN,60.0109649122807,65.9650722010416,61.22271825396825,55.80645161290323,81.45161290322581,30.64516129032258,58.06451612903226,3.389830508474576,53.125,44.26229508196721,83.6734693877551,53.153674571948315,31,Gen Digital Inc.,Technology,17317122048
KLIC,73.27631578947368,41.32707570207571,85.7390873015873,55.80645161290323,49.19354838709677,17.741935483870968,58.06451612903226,93.22033898305084,29.6875,55.73770491803278,28.57142857142857,53.0415616367403,32,"Kulicke and Soffa Industries, I",Technology,4487221760
PLAB,45.010416666666664,66.69726022277042,31.336805555555557,25.161290322580648,12.096774193548386,94.35483870967742,58.06451612903226,66.10169491525424,64.84375,30.327868852459016,,52.85387657169218,33,"Photronics, Inc.",Technology,1798982400
WIX,50.260416666666664,83.6672619047619,30.084325396825395,34.193548387096776,41.93548387096774,94.35483870967742,58.06451612903226,,58.59375,41.80327868852459,16.3265306122449,52.017153822583026,34,Wix.com Ltd.,Technology,3434589440
RMBS,73.1452850877193,22.32610544217687,84.1641865079365,38.38709677419355,25.806451612903224,40.32258064516129,58.06451612903226,57.6271186440678,29.6875,39.34426229508196,53.06122448979592,50.752706119962255,35,"Rambus, Inc.",Technology,9866417152
VIAV,51.49725877192982,32.41836734693877,47.76785714285714,50.322580645161295,28.225806451612904,46.774193548387096,58.06451612903226,76.27118644067797,12.5,31.967213114754095,79.59183673469387,50.63046713409955,36,Viavi Solutions Inc.,Technology,9598568448
ACLS,45.61896929824562,33.77416772569834,71.63938492063491,42.25806451612904,36.29032258064517,75.80645161290323,58.06451612903226,16.94915254237288,41.40625,48.36065573770492,57.14285714285714,50.47135245550729,37,"Axcelis Technologies, Inc.",Technology,3924110592
GTLB,64.4140625,28.160962301587304,43.26636904761905,48.70967741935483,52.41935483870968,54.83870967741935,58.06451612903226,27.11864406779661,44.53125,44.26229508196721,,48.77459557834587,38,GitLab Inc.,Technology,7038062592
PD,52.66831140350878,81.85829299668585,31.398809523809526,41.29032258064517,43.54838709677419,41.935483870967744,58.06451612903226,23.728813559322035,49.21875,55.73770491803279,,47.51584128399446,39,"PagerDuty, Inc.",Technology,944320704
CRUS,55.404057017543856,64.6675061050061,44.66765873015873,44.516129032258064,68.54838709677419,37.096774193548384,58.06451612903226,44.06779661016949,49.21875,55.73770491803278,20.408163265306122,47.2358902702921,40,"Cirrus Logic, Inc.",Technology,5780058112
CWAN,54.73410087719297,19.10924508692366,65.27777777777777,,,,,,28.90625,,,46.86509343029668,41,"Clearwater Analytics Holdings, ",Technology,7330872320
BRZE,53.26699561403509,42.13373015873016,67.08829365079364,55.80645161290322,45.16129032258065,32.25806451612903,58.06451612903226,38.983050847457626,39.84375,38.52459016393443,,46.762756037785934,42,"Braze, Inc.",Technology,3498339584
PCTY,59.121710526315795,52.117267511400165,49.392361111111114,62.25806451612904,91.93548387096774,11.29032258064516,11.29032258064516,86.4406779661017,46.875,27.868852459016395,48.97959183673469,46.67577195409524,43,Paylocity Holding Corporation,Technology,8135754752
SYNA,25.933662280701753,55.08711262282691,66.34424603174602,40.64516129032258,49.193548387096776,50.0,58.06451612903226,33.89830508474576,66.40625,59.83606557377049,36.734693877551024,46.466462448933726,44,Synaptics Incorporated,Technology,3819188224
DIOD,50.27576754385965,56.122073646308344,77.90178571428572,57.09677419354839,38.70967741935485,38.70967741935484,58.06451612903226,5.084745762711865,53.125,37.70491803278689,,46.17108436281829,45,Diodes Incorporated,Technology,4330702336
UCTT,39.259320175438596,71.83905895691609,39.260912698412696,53.225806451612904,15.32258064516129,33.87096774193548,58.06451612903226,15.254237288135593,26.5625,49.18032786885246,77.55102040816327,44.82323700391465,46,"Ultra Clean Holdings, Inc.",Technology,3426231040
NVMI,50.9484649122807,20.458496860282573,69.06001984126985,56.45161290322581,48.387096774193544,43.54838709677419,58.06451612903226,,7.8125,7.3770491803278695,55.10204081632652,44.270758486926695,47,Nova Ltd.,Technology,11990603776
DOCN,54.05646929824561,15.777797764404909,74.92559523809524,50.0,13.70967741935484,48.38709677419355,11.29032258064516,54.23728813559322,7.8125,34.42622950819672,67.3469387755102,43.84637150258963,48,"DigitalOcean Holdings, Inc.",Technology,13519252480
AKAM,33.32072368421053,49.535767237297854,24.429563492063494,42.25806451612904,42.74193548387096,77.41935483870968,58.06451612903226,32.20338983050847,57.03125,28.688524590163933,30.612244897959183,43.61577284099209,49,"Akamai Technologies, Inc.",Technology,15869188096
BMBL,30.322916666666664,98.96683673469389,29.166666666666664,17.741935483870968,31.451612903225804,1.6129032258064515,58.06451612903226,81.35593220338984,96.09375,86.88524590163934,18.367346938775512,43.30543614490631,50,Bumble Inc.,Communication Services,429006944
COHU,46.529057017543856,32.25817271352985,22.123015873015873,51.935483870967744,40.322580645161295,61.29032258064516,58.06451612903226,1.694915254237288,39.84375,9.01639344262295,71.42857142857143,42.307038820335165,51,"Cohu, Inc.",Technology,2573790464
PATH,70.70997807017544,49.84763493309412,34.87103174603175,59.677419354838705,35.483870967741936,8.064516129032258,58.06451612903226,13.559322033898304,39.84375,50.81967213114754,,41.96428835268286,52,"UiPath, Inc.",Technology,8491990528
SLAB,44.635416666666664,16.09027777777778,18.81200396825397,51.61290322580645,68.54838709677419,66.12903225806451,58.06451612903226,22.033898305084744,23.4375,,24.489795918367346,41.12172034090477,53,"Silicon Laboratories, Inc.",Technology,7273953792
MGNI,51.803179824561404,58.84865191497845,71.76339285714286,61.29032258064516,52.41935483870968,9.67741935483871,58.06451612903226,47.45762711864407,42.96875,22.95081967213115,8.16326530612245,40.345162942914506,54,"Magnite, Inc.",Communication Services,3370467840
S,49.2578125,24.060019841269842,85.77628968253968,61.935483870967744,58.87096774193548,20.967741935483872,11.29032258064516,11.864406779661017,44.53125,52.459016393442624,,40.02224431314346,55,"SentinelOne, Inc.",Technology,7236005888
AEIS,59.32236842105264,26.017928783234904,44.58085317460318,49.35483870967742,43.54838709677419,19.35483870967742,4.838709677419355,25.423728813559322,14.0625,27.868852459016395,91.83673469387756,39.964557319901445,56,"Advanced Energy Industries, Inc",Industrials,11447616512
FROG,66.91940789473685,6.52281746031746,65.35218253968253,65.80645161290323,25.0,4.838709677419355,58.06451612903226,28.8135593220339,19.53125,29.508196721311478,46.93877551020408,39.41421345165532,57,JFrog Ltd.,Technology,11359749120
FSLY,48.3766447368421,23.4672619047619,38.75248015873016,66.7741935483871,18.548387096774192,12.903225806451612,4.838709677419355,37.28813559322034,32.8125,38.52459016393443,89.79591836734694,39.135285604649866,58,"Fastly, Inc.",Technology,3974535168
BAND,38.54002192982456,53.375708616780045,15.662202380952381,49.99999999999999,16.935483870967744,29.03225806451613,58.06451612903226,88.13559322033898,39.0625,40.16393442622951,12.244897959183673,39.07468914609778,59,Bandwidth Inc.,Technology,1529231104
ICHR,42.34265350877193,52.54287131519274,64.33531746031746,47.09677419354839,4.838709677419354,35.483870967741936,4.838709677419355,69.49152542372882,14.84375,40.98360655737705,32.6530612244898,38.55299083519167,60,Ichor Holdings,Technology,2254744576
SMTC,35.35745614035088,19.847647392290252,32.05605158730159,47.09677419354839,28.225806451612904,22.58064516129032,58.06451612903226,10.16949152542373,19.53125,63.93442622950819,,34.11388598122234,61,Semtech Corporation,Technology,11559128064
AMBA,50.17598684210526,17.836507936507935,17.981150793650794,56.774193548387096,26.612903225806452,24.193548387096776,58.06451612903226,8.47457627118644,33.59375,26.229508196721312,,32.98401416879047,62,"Ambarella, Inc.",Technology,3234401280
PI,29.595942982456144,6.167091836734694,44.97767857142857,56.774193548387096,28.225806451612904,6.451612903225806,58.06451612903226,30.508474576271187,23.4375,42.62295081967213,14.285714285714285,29.338868860637643,63,"Impinj, Inc.",Technology,5057977344
NVTS,32.70120614035088,1.5625,14.161706349206348,33.54838709677419,2.419354838709677,3.225806451612903,1.6129032258064515,42.3728813559322,38.28125,4.0983606557377055,8.16326530612245,16.14463707099617,64,Navitas Semiconductor Corporati,Technology,3386382592
