report_date,picks_graded,avg_pick_return,qqq_return,iwm_return,alpha_vs_qqq,hit_rate_vs_qqq
2026-07-20,19,0.1263278941968056,0.03647676168360792,-0.02554822267066925,0.08985113251319768,0.5789473684210527
2026-07-27,19,0.12840494949887196,0.05765850198114619,-0.027544240762004124,0.07074644751772577,0.631578947368421
2026-07-28,19,0.1293351562835067,0.06803953076596958,-0.02906903615792311,0.06129562551753712,0.631578947368421
2026-07-29,19,0.07287222967565606,0.09024833920321607,-0.012918887568217463,-0.01737610952756001,0.5263157894736842
2026-07-30,19,0.10631747711223412,0.05544587095441744,-0.026480730059793234,0.050871606157816676,0.631578947368421
2026-08-03,19,0.06467614480691243,0.030539809817778485,-0.03841063118695809,0.034136334989133946,0.631578947368421
2026-08-10,19,-0.01572305780238171,0.0008046070633713764,-0.05046338082314006,-0.016527664865753085,0.3157894736842105
2026-08-17,19,0.019037933034152826,-0.011536277647369753,-0.06320463006531629,0.03057421068152258,0.631578947368421
2026-08-24,19,-0.01874231337421639,0.021420892408428482,-0.04405805607999469,-0.04016320578264487,0.3157894736842105
2026-08-31,19,-0.03683767558397918,0.006543337208419153,-0.030918840840405748,-0.04338101279239833,0.3157894736842105
2026-09-07,20,0.001667451037073059,0.004301501918925199,-0.03335256371517681,-0.00263405088185214,0.5
2026-09-14,20,-0.026026517028323464,0.0173017000732838,-0.010656071596218286,-0.043328217101607266,0.15
